{
    "id": "support",
    "provides": ["support"],
    "consumes": [
        "igloo.logger",
        "igloo.fatal",
        "stats"
    ],
    "config": {
        "enabled": true,
        "errorsStore": "support",
        "errorsURL": "http://localhost:8085/support/errors"
    },
    "activator": "PENGO.client.plugins.support.activator",
    "src" : {
        "baseURL": "/client/plugins/support/src/",
        "js": {
            "autoRequires": true,
            "loadMode-dwm": "notCompiled",
            "loadMode": "compiled",
            "compiled": "support.min.js",
            "notCompiled": ["errors.js", "model.js", "controller.js", "module.js", "activator.js"]
        }
    }
}
