{
    "RankingManager":{
        "exports":["PENGO.client.shared.runEngine.ranking"],
        "imports": ["pengoError","codes","inheritance","runEngine","logger","runnerKeys"],
        "libs": [],
        "baseUrl": "client/runEngine.managers/gameRanking/",
        "compiled" : ["manager.base.min.js"],
        "notCompiled":  [
            "./base/manager.js",
            "./base/actuators/showRanking.js",
            "./base/actuators/submitScore.js"
        ]
    },
    "matchDataStorage":{
        "exports":["PENGO.client.shared.runEngine.matchDataStorage"],
        "imports": ["pengoError","codes","inheritance","runEngine","logger","runnerKeys"],
        "libs": [],
        "baseUrl": "client/runEngine.managers/matchDataStorage/",
        "compiled" : ["manager.base.min.js"],
        "notCompiled":  [
            "./base/manager.js",
            "./base/actuators/getMatchData.js",
            "./base/actuators/resetMatchData.js",
            "./base/actuators/setMatchData.js"
        ]
    },
    "JSON":{
        "exports": "PENGO.client.shared.runEngine.json",
        "imports": ["pengoError","codes","runEngine","logger"],
        "libs": [],
        "baseUrl": "client/runEngine.managers/json/",
        "compiled" : ["manager.base.min.js"],
        "notCompiled": [
            "./base/manager.js"
        ]
    },
    "VirtualGoods":{
        "exports":["PENGO.client.shared.runEngine.virtualGoods"],
        "imports": ["pengoError","codes","inheritance","runEngine","logger","virtualGoods","GAME_PROPERTIES"],
        "libs": [],
        "baseUrl": "client/runEngine.managers/virtualGoods/",
        "compiled" : ["manager.ide.min.js"],
        "notCompiled": [
            "./base/manager.js",
            "./base/actuators/virtualGoodListener.js",
            "./base/actuators/getVirtualGoodAmount.js",
            "./base/actuators/consumeVirtualGood.js",
            "./base/actuators/showShoppingCart.js"
        ]
    },
    "pengoAudio":{
        "exports": "PENGO.client.shared.runEngine.howlerAudio",
        "imports": ["pengoError","codes","runEngine","logger"],
        "libs": [],
        "baseUrl": "client/runEngine.managers/howlerAudio/",
        "compiled" : ["manager.base.min.js"],
        "notCompiled": [
            "./base/manager.js",
            "./base/audio.js",
            "./base/audioDummy.js",
            "./base/actuators/audioPlayer.js",
            "./base/actuators/bbMute.js",
            "./base/actuators/audioShooter.js"
        ]
    },
    "two":{
        "exports":"PENGO.client.shared.runEngine.two",
        "imports":["pengoError","codes","runEngine","logger"],
        "libs": [],
        "baseUrl": "client/runEngine.managers/two/",
        "compiled" : ["manager.base.min.js"],
        "notCompiled":  [
            "./base/manager.js",
            "./base/actuators/collisionTest.js",
            "./base/actuators/cloneObject2D.js",
            "./base/actuators/deleteObject2D.js",
            "./base/actuators/findByName.js",
            "./base/actuators/getLabels.js",
            "./base/actuators/getName.js",
            "./base/actuators/getChildren.js",
            "./base/actuators/getAbsolutePosition.js",
            "./base/actuators/getRandomLabels.js",
            "./base/actuators/text.js",
            "./base/actuators/picking.js",
            "./base/actuators/setActiveScene.js",
            "./base/actuators/resetScene.js",
            "./base/actuators/setTextProperties.js",
            "./base/actuators/spriteText.js",
            "./base/actuators/visibility.js",
            "./base/actuators/transform.js",
            "./base/actuators/setTransform.js",
            "./base/actuators/getObjectsByLabel.js",
            "./base/actuators/move.js",
            "./base/sensors/moveFromTo.js",
            "./base/sensors/spriteAnimationSelector.js",
            "./base/sensors/spriteAnimate.js",
            "./base/sensors/spritePanel.js"
        ]
    },
    "three":{
        "exports":"PENGO.client.shared.runEngine.three",
        "imports": ["pengoError","codes","runEngine","logger"],
        "libs": ["/client/lib/threejs/build/Three.js"],
        "baseUrl": "/client/runEngine.managers/three/",
        "compiled" : ["manager.base.min.js"],
        "notCompiled":  [
            "./base/manager.js",
            "./base/actuators/picking.js",
            "./base/actuators/setActiveCamera.js",
            "./base/actuators/setPosition.js",
            "./base/actuators/translate.js"
        ]
    },
    "webAudio":{
        "exports":"PENGO.client.shared.runEngine.webAudio",
        "imports": ["pengoError","codes","runEngine","logger"],
        "libs": [],
        "baseUrl": "client/runEngine.managers/webAudio/",
        "compiled" : ["manager.base.min.js"],
        "notCompiled":[
            "./base/manager.js",
            "./base/sound.js",
            "./base/actuators/soundPlayer.js",
            "./base/actuators/soundShooter.js",
            "./base/actuators/mute.js"
        ]
    },
    "dom":{
        "exports":"PENGO.client.shared.runEngine.dom",
        "imports": ["pengoError","codes","runEngine","logger"],
        "libs": [],
        "baseUrl": "client/runEngine.managers/dom/",
        "compiled" : ["manager.base.min.js"],
        "notCompiled":  [
            "./base/manager.js",
            "./base/element.js",
            "./base/actuators/setPosition.js",
            "./base/sensors/domElementAccessor.js"
        ]
    }
}
