{
    "id": "game.uiManager",
    "provides": ["game.uiManager"],
    "consumes": [
        "igloo.logger",
        "igloo.eventsManager",
        "uiManager",
        "stats"
    ],
    "config": {
        "showCookiePolicyAcceptance": true
    },
    "activator": "PENGO.client.plugins.game.uiManager.activator",
    "src" : {
        "baseURL": "/client/plugins/game.uiManager/src/",
        "js": {
            "loadMode-dwm": "notCompiled",
            "loadMode": "compiled",
            "compiled" : "uiManager.min.js",
            "notCompiled":  ["uiManager.js", "activator.js"]
        },
        "template": "uiManager.template"
    },
    "res": {
        "baseURL": "/client/plugins/game.uiManager/res/",
        "css": {
            "loadMode-dwm": "notCompiled",
            "loadMode": "compiled",
            "compiled" : "uiManager.css",
            "notCompiled":  ["uiManager.css"]
        }
    }
}
