{
    "id": "igloo.eventsManager",
    "provides": ["igloo.eventsManager"],
    "consumes": ["igloo.logger"],
    "config": {
        "strict": false
    },
    "activator": "PENGO.client.apps.igloo.plugins.igloo.eventsManager.activator",
    "src" : {
        "baseURL": "/client/apps/igloo/src/plugins/igloo.eventsManager/",
        "js": {
            "loadMode-dwm": "notCompiled",
            "loadMode": "built-in",
            "notCompiled": ["eventsManager.js", "activator.js"]
        }
    }
}