{"name":"layer0","type":"Layer","absoluteURLs":true,"spriteDefs":[{"name":"59a177b467392b501400064b","url":"59a177b467392b501400064b"},{"name":"59a17afe67392b501400064c","url":"59a17afe67392b501400064c"}],"children":["bf7befb859faa1c8","e32b1985cdbc1f59","035086371cc3204f","9d36b5912ec6d5a6","1ec2ae67ae9a0efa","c2e1b722b8744817","8ce2de154a215ba9"],"images":[{"name":"5998618de9823538030021ba","url":"5998618de9823538030021ba"},{"name":"59a0d0c867392b5014000636","url":"59a0d0c867392b5014000636"},{"name":"59a192d467392b5014000657","url":"59a192d467392b5014000657"},{"name":"59a0d0da67392b5014000638","url":"59a0d0da67392b5014000638"},{"name":"59a0d0d567392b5014000637","url":"59a0d0d567392b5014000637"}],"objects":{"e32b1985cdbc1f59":{"type":"Bitmap","id":"e32b1985cdbc1f59","name":"blue","anchor":{"type":"CENTER","value":[null,null]},"position":[398.6277125520669,407.7990396689994],"scale":[0.06472968462814746,0.07301308040492528],"rotation":-0.7220645376708354,"children":[],"image":"5998618de9823538030021ba"},"035086371cc3204f":{"font":"arial","text":"Original Bitmap","fill":true,"color":[255,255,255],"type":"Text","id":"035086371cc3204f","name":"Text","anchor":{"type":"BOTTOM_LEFT"},"position":[187,137],"scale":[1,1],"rotation":0,"children":[],"fontSize":20},"9d36b5912ec6d5a6":{"font":"arial","text":"Collisionable children","fill":true,"color":[255,255,255],"type":"Text","id":"9d36b5912ec6d5a6","name":"Text","anchor":{"type":"BOTTOM_LEFT"},"position":[595,136],"scale":[1,1],"rotation":0,"children":[],"fontSize":20},"1ec2ae67ae9a0efa":{"font":"arial","text":"Accurate collision test","fill":true,"color":[255,255,255],"type":"Text","id":"1ec2ae67ae9a0efa","name":"Text","anchor":{"type":"BOTTOM_LEFT"},"position":[22,73],"scale":[1,1],"rotation":0,"children":[],"fontSize":30},"c2e1b722b8744817":{"image":"59a0d0c867392b5014000636","type":"Bitmap","id":"c2e1b722b8744817","name":"tomate","anchor":{"type":"TOP_LEFT"},"position":[84,166.16831683168317],"scale":[0.5286921296296297,0.5282075082508249],"rotation":0,"children":["dea275a08802b214"]},"bf7befb859faa1c8":{"image":"59a192d467392b5014000657","type":"Bitmap","id":"bf7befb859faa1c8","name":"1f3da2481a678e0e228ee7857bb97e23--star-wars-wallpaper-city-wallpaper","anchor":{"type":"CENTER","value":[null,null]},"position":[574,273],"scale":[2.225283950617284,1.6778349834983497],"rotation":0,"children":[],"visible":true},"dea275a08802b214":{"spriteDef":"59a177b467392b501400064b","currentAnimation":"animation0","type":"Sprite","id":"dea275a08802b214","name":"disparo","anchor":{"type":"TOP_LEFT"},"position":[-73.7669388559294,226.86478570731248],"scale":[1,1],"rotation":0,"children":[]},"8ce2de154a215ba9":{"spriteDef":"59a17afe67392b501400064c","currentAnimation":"vuelo","type":"Sprite","id":"8ce2de154a215ba9","name":"enemigo","anchor":{"type":"TOP_LEFT"},"position":[1100,181],"scale":[1,1],"rotation":0,"children":[]}}}